t,Mach Number,cg (in),cp (in)
0.0,0.0,160.97317343975863,182.5959202800431
0.01,0.0004105869648200895,160.9663338921175,182.5970718887154
0.02,0.0014977874403488763,160.95430610785485,182.60011754672297
0.03,0.002585320167529228,160.94060990205887,182.60315872975164
0.04,0.003673900770408263,160.92690271055537,182.60619740120262
0.05,0.0047632168983002526,160.9131854399905,182.60923264829884
0.06,0.005853271302209034,160.89945669101616,182.61226444006695
0.07,0.006944114376644143,160.88571765285764,182.61529287755084
0.08,0.0080357259743069,160.87196804971464,182.61831786538858
0.09,0.009128101027768242,160.85820724337285,182.62133935022734
0.1,0.010221239416554407,160.84443635471513,182.62435729239235
0.11,0.011315141020206646,160.83065421226888,182.62737165214224
0.12,0.012409805718266222,160.81686155396054,182.63038238967394
0.13,0.013505233390274388,160.8030585604433,182.6333894651235
0.14,0.014601423915772398,160.7892441321272,182.636392838571
0.15,0.015698377174301507,160.77541961854647,182.6393924700422
0.16,0.01679609304540297,160.7615840903705,182.64238831951175
0.17,0.01789457140861805,160.7477378056715,182.64538034690756
0.18,0.018993812143487998,160.73388143001202,182.64836851211192
0.19,0.020093815129554066,160.72001337407232,182.65135277496591
0.2,0.02119458024635752,160.70613523022774,182.65433309527225
0.21,0.022296107373439605,160.6922463253306,182.657309432798
0.22,0.023398396387096024,160.6783464094948,182.66028174726895
0.23,0.024501446514775427,160.66443640407078,182.66324999663863
0.24,0.025605255555061743,160.65051497348313,182.66621413501483
0.25,0.026709821116084432,160.63658319553622,182.66917411602063
0.26,0.02781514080597295,160.62264092420492,182.67212989331082
0.27,0.02892121223285675,160.60868737399355,182.6750814205756
0.28,0.030028033004865295,160.59472373205207,182.67802865154601
0.29,0.031135600730128034,160.58074894171895,182.68097153999557
0.3,0.03224391301677443,160.56676352734635,182.6839100397463
0.31,0.033352967472933946,160.55276790115886,182.68684410467057
0.32,0.03446276170673603,160.5387607148538,182.68977368869656
0.33,0.03557329332631015,160.52474343499165,182.69269874581119
0.34,0.036684559939785755,160.51071529728716,182.6956192300646
0.35000000000000003,0.0377965591552923,160.49667624569406,182.69853509557336
0.36,0.03890928858095924,160.48262709935008,182.7014462965244
0.37,0.0400227459507697,160.4685664549481,182.7043527875082
0.38,0.0411369332622326,160.4544955372985,182.70725453428068
0.39,0.04225185771263928,160.4404140659075,182.7101515160701
0.4,0.04336752681470244,160.42632137784068,182.71304371277543
0.41000000000000003,0.04448394808113477,160.4122185937049,182.71593110414256
0.42,0.04560112902464895,160.39810462440064,182.71881366976618
0.43,0.04671907715795767,160.3839800706463,182.721691389091
0.44,0.04783779999377365,160.369845280577,182.72456424141183
0.45,0.04895730504480954,160.3556989583382,182.72743220587643
0.46,0.05007759982377806,160.3415425390342,182.73029526148505
0.47000000000000003,0.05119869184339189,160.32737526065196,182.73315338709315
0.48,0.05232058861862607,160.3131970740387,182.73600656141724
0.49,0.0534432914040177,160.29900878966635,182.73885474716832
0.5,0.05456657075926257,160.28480902909465,182.74169732400384
0.51,0.05569039109163953,160.27059897881702,182.7445341661589
0.52,0.05681499232934798,160.2563784085249,182.7473658417314
0.53,0.057940340823480596,160.24214659387508,182.75019222655666
0.54,0.05906640424028267,160.22790468098955,182.75301320068823
0.55,0.060193196110947415,160.21365163944014,182.75582875954254
0.56,0.06132071861363997,160.19938796396826,182.75863887000816
0.5700000000000001,0.06244897074795979,160.1851141202907,182.76144349110962
0.58,0.06357795151350633,160.17082868401687,182.76424258198097
0.59,0.06470765990987905,160.15653314935938,182.76703610187187
0.6,0.0658380949366774,160.14222684619332,182.76982401014968
0.61,0.06696925559350084,160.12790955290478,182.7726062663029
0.62,0.0681011408799488,160.1135821610491,182.77538282994433
0.63,0.06923374979562076,160.09924340585437,182.77815366081515
0.64,0.07036708134011616,160.08489425777262,182.7809187187877
0.65,0.07150113451303444,160.0705347137283,182.7836779638685
0.66,0.07263590831397508,160.05616381161306,182.78643135620257
0.67,0.07377140174253752,160.04178281131337,182.78917885607527
0.68,0.0749076137983212,160.0273908283741,182.7919204239169
0.6900000000000001,0.0760445434809256,160.01298807683634,182.794656020305
0.7000000000000001,0.0771821897960945,159.99857522724957,182.79738560598304
0.71,0.07832055183924337,159.98415081371644,182.80010914206215
0.72,0.0794596287736765,159.96971621592425,182.80282658996978
0.73,0.08059941976437979,159.95527102822652,182.80553791129338
0.74,0.08173992397633918,159.94081468483537,182.80824306777896
0.75,0.08288114057454059,159.9263482443156,182.8109420213346
0.76,0.08402306872396996,159.9118706405434,182.81363473403337
0.77,0.08516570758961321,159.89738245785315,182.8163211681162
0.78,0.08630905633645627,159.88288408979463,182.81900128599483
0.79,0.08745311412948507,159.86837416780125,182.82167505025478
0.8,0.08859788013368555,159.85385414993956,182.82434242365954
0.81,0.08974335351404363,159.83932338119638,182.82700336915056
0.8200000000000001,0.09088953343554523,159.82478162785938,182.8296578498536
0.8300000000000001,0.09203641906317629,159.81022977931732,182.8323058290788
0.84,0.09318400956192273,159.79566661958083,182.8349472703253
0.85,0.09433230409664055,159.7810930396338,182.83758213728294
0.86,0.09548130180609217,159.76650913262068,182.84021039377566
0.87,0.09663100177152219,159.75191382455952,182.84283200369438
0.88,0.09778140306650002,159.73730842310246,182.8454469311135
0.89,0.09893250476459506,159.7226921419058,182.84805514031333
0.9,0.10008430593937673,159.7080650168098,182.8506565957807
0.91,0.10123680566441443,159.69342779931097,182.85325126221267
0.92,0.10239000301327758,159.67877915449702,182.85583910451908
0.93,0.10354389705953558,159.66412021808023,182.85842008782484
0.9400000000000001,0.10469848687675785,159.64945084446288,182.86099417747258
0.9500000000000001,0.10585377153851382,159.63477019284832,182.86356133902513
0.96,0.10700975011837284,159.62007945119626,182.86612153826817
0.97,0.10816642168990438,159.60537773221267,182.86867474121237
0.98,0.10932378532667783,159.59066528049422,182.87122091409594
0.99,0.11048184010226259,159.57594274006547,182.87376002338698
1.0,0.11164058509022809,159.5612086871699,182.8762920357857
1.01,0.11280001936674737,159.5464644420554,182.87881691823247
1.02,0.11396014202709404,159.53170968031532,182.88133463794557
1.03,0.11512095217504725,159.51694373467052,182.88384516240018
1.04,0.1162824489144251,159.50216770324394,182.88634845931156
1.05,0.1174446313490457,159.48738062730604,182.88884449663706
1.06,0.11860749858272718,159.47258290114587,182.89133324257892
1.07,0.11977104971928762,159.45777509086938,182.89381466558493
1.08,0.12093528386254515,159.44295571308916,182.896288734352
1.09,0.12210020011631789,159.4281262141283,182.8987554178273
1.1,0.12326579758442392,159.41328614897057,182.90121468521005
1.11,0.12443207537068138,159.39843496592235,182.90366650595362
1.12,0.12559903257890834,159.3835737022568,182.9061108497677
1.1300000000000001,0.12676666831292296,159.3687013564559,182.90854768661939
1.1400000000000001,0.12793498167654332,159.35381841517392,182.91097698673545
1.1500000000000001,0.12910397177358754,159.33892539528264,182.91339872060362
1.16,0.13027363770687148,159.32402078210876,182.91581285897325
1.17,0.13144397854031967,159.30910609132812,182.91821937277774
1.18,0.1326149932873753,159.29418081377452,182.92061823311465
1.19,0.133786680958112,159.27924445714913,182.9230094113453
1.2,0.1349590405626033,159.26429802599105,182.9253928791029
1.21,0.13613207111092276,159.24934050377078,182.92776860829434
1.22,0.13730577161314395,159.23437241392247,182.93013657110131
1.23,0.13848014107934042,159.2193942424198,182.93249673998204
1.24,0.13965517851958575,159.204404499208,182.9348490876717
1.25,0.14083088294395352,159.18940468590569,182.93719358718502
1.26,0.14200725336251724,159.17439429338904,182.93953021181662
1.27,0.1431842887853505,159.1593728343089,182.94185893514273
1.28,0.14436198822252685,159.14434130771284,182.9441797310212
1.29,0.14554035068411988,159.12929870896383,182.94649257359418
1.3,0.14671937518020314,159.11424554443724,182.94879743728833
1.31,0.14789906072085018,159.0991823151009,182.95109429681597
1.32,0.1490794063161346,159.0841075252601,182.95338312717539
1.33,0.15026041097612994,159.06902266610345,182.95566390365315
1.34,0.15144207371090973,159.05392726256287,182.95793660182383
1.35,0.15262439353054758,159.03882077954452,182.96020119755124
1.36,0.15380736944511703,159.02370423697076,182.96245766698922
1.37,0.15499100046469164,159.00857666812635,182.9647059865821
1.3800000000000001,0.156175285599345,158.99343851024034,182.96694613306596
1.3900000000000001,0.15736022385915063,158.97829029586072,182.9691780834686
1.4000000000000001,0.15854581425418213,158.96313057780895,182.9714018151107
1.41,0.15973205579451302,158.947960756933,182.97361730560627
1.42,0.1609189474902169,158.93278045291024,182.9758245328626
1.43,0.16210648835136734,158.917589031963,182.97802347508116
1.44,0.1632946773880379,158.90238756037655,182.98021411075885
1.45,0.1644835136103021,158.8871751345094,182.98239641868673
1.46,0.16567299602823357,158.8719520721127,182.98457037795157
1.47,0.1668631236519058,158.8567189624988,182.98673596793532
1.48,0.1680538954913924,158.84147443185373,182.98889316831674
1.49,0.16924531055676692,158.82621974096062,182.99104195906952
1.5,0.17043736785810293,158.81095465369725,182.99318232046454
1.51,0.17163006640547399,158.79567838842286,182.9953142330687
1.52,0.17282340520895365,158.78039208239326,182.997437677745
1.53,0.1740173832786155,158.7650949193131,182.99955263565369
1.54,0.17521199962453304,158.7497870488844,183.00165908825073
1.55,0.17640725325677992,158.734469141487,183.00375701728956
1.56,0.17760314318542963,158.7191399206406,183.00584640481875
1.57,0.17879966842055578,158.70380045909997,183.00792723318426
1.58,0.1799968279722319,158.6884507126359,183.00999948502738
1.59,0.18119462085053156,158.6730897043292,183.0120631432861
1.6,0.18239304606552836,158.65771866613105,183.01411819119306
1.61,0.1835921026272958,158.64233689248334,183.01616461227744
1.62,0.18479178954590753,158.62694431823215,183.0182023903629
1.6300000000000001,0.185992105831437,158.6115417182451,183.02023150956768
1.6400000000000001,0.18719305049395785,158.5961279364627,183.02225195430495
1.6500000000000001,0.18839462254354364,158.5807038114128,183.02426370928168
1.6600000000000001,0.1895968209902679,158.56526953668552,183.02626675949833
1.67,0.1907996448442042,158.54982389443575,183.02826109024835
1.68,0.1920030931154261,158.53436823415046,183.0302466871181
1.69,0.1932071648140072,158.5189019835161,183.03222353598554
1.7,0.19441185895002105,158.50342481748444,183.03419162302026
1.71,0.1956171745335412,158.4879376379464,183.03615093468278
1.72,0.1968231105746412,158.47243943146674,183.03810145772354
1.73,0.19802966608339462,158.45693075791678,183.04004317918293
1.74,0.19923684006987502,158.44141207553002,183.04197608638998
1.75,0.20044463154415598,158.42588193365475,183.04390016696172
1.76,0.20165303951631108,158.41034176927283,183.04581540880307
1.77,0.20286206299641385,158.39479118226865,183.04772180010497
1.78,0.2040717009945378,158.37922954443388,183.0496193293449
1.79,0.20528195252075662,158.3636579063311,183.05150798528462
1.8,0.2064928165851438,158.34807541846723,183.0533877569706
1.81,0.20770429219777287,158.33248231940007,183.0552586337329
1.82,0.20891637836871746,158.31687922511435,183.05712060518331
1.83,0.2101290741080511,158.30126485787352,183.05897366121624
1.84,0.21134237842584733,158.2856403153978,183.06081779200545
1.85,0.21255629033200238,158.2700055397782,183.0626529880053
1.86,0.21377080880446678,158.25435955815644,183.0644792399007
1.87,0.21498593275251368,158.23870359052628,183.06629653855313
1.8800000000000001,0.21620166107651334,158.2230369717676,183.06810487509043
1.8900000000000001,0.21741799267683598,158.2073595782437,183.0699042409208
1.9000000000000001,0.2186349264538519,158.19167220414545,183.0716946277303
1.9100000000000001,0.21985246130793137,158.1759737647781,183.0734760274825
1.92,0.2210705961394446,158.16026497832803,183.0752484324177
1.93,0.2222893298487619,158.14454616908753,183.07701183505134
1.94,0.22350866133625352,158.12881597983778,183.0787662281735
1.95,0.22472858950228974,158.11307581987325,183.08051160484737
1.96,0.2259491132472408,158.09732522798825,183.0822479584085
1.97,0.22717023147147694,158.0815636792502,183.0839752824637
1.98,0.22839194307536848,158.06579216562042,183.0856935708904
1.99,0.22961424695928562,158.05000981468402,183.08740281783494
2.0,0.23083714202359865,158.03421692660038,183.0891030177114
2.0100000000000002,0.23206062716867787,158.0184140795944,183.0907941652019
2.02,0.23328470129489343,158.00259999360642,183.0924762552539
2.0300000000000002,0.23450936330261574,157.986775786761,183.0941492830804
2.04,0.2357346120922149,157.97094138690125,183.09581324415836
2.05,0.2369604465640613,157.95509583047905,183.09746813422768
2.06,0.2381868656185252,157.93924032589894,183.09911394929043
2.07,0.23941386815597676,157.92337423137337,183.1007506856098
2.08,0.24064145307678636,157.90749739232376,183.10237833970916
2.09,0.24186961928132417,157.89161061148118,183.10399690837104
2.1,0.24309836566996051,157.87571284737305,183.1056063886363
2.11,0.2443276911430656,157.8598047474669,183.10720677780282
2.12,0.24555759460100976,157.84388671227143,183.10879807342536
2.13,0.24678807494416316,157.82795730408876,183.1103802733139
2.14,0.24801913107289617,157.8120179655456,183.11195337553374
2.15,0.24925076188757891,157.7960683029384,183.11351737840351
2.16,0.2504829662885818,157.78010767202386,183.11507228049518
2.17,0.251715743176275,157.76413711751408,183.11661808063303
2.18,0.25294909145102884,157.74815585367688,183.11815477789344
2.19,0.25418301001321353,157.7321640230033,183.11968237160315
2.2,0.25541749776319933,157.71616227565,183.12120086133982
2.21,0.2566525536013565,157.70014943718513,183.12271024692996
2.22,0.2578881764280554,157.68412643017948,183.12421052845036
2.23,0.2591243651436661,157.66809338263147,183.12570170622533
2.24,0.2603611186485591,157.65204912749334,183.12718378082766
2.25,0.2615984358431044,157.635994968039,183.12865675307788
2.2600000000000002,0.2628363156276725,157.61993039053746,183.13012062404349
2.27,0.2640747569026335,157.60385499997014,183.13157539503894
2.2800000000000002,0.26531375856835776,157.58776971240889,183.13302106762555
2.29,0.26655331952521544,157.57167363267578,183.1344576436104
2.3000000000000003,0.26779343867357697,157.5555671313287,183.13588512504694
2.31,0.2690341149138124,157.5394507404628,183.13730351423445
2.32,0.2702753471462921,157.52332318664878,183.13871281371857
2.33,0.2715171342713864,157.5071855996334,183.1401130262903
2.34,0.2727594751894655,157.49103790231317,183.14150415498648
2.35,0.2740023688008996,157.47487913141427,183.14288620309023
2.36,0.275245814006059,157.45871048430604,183.14425917413098
2.37,0.27648980970531406,157.4425313601304,183.14562307188444
2.38,0.27773435479903485,157.4263415472919,183.14697790037255
2.39,0.27897944818759185,157.4101418661324,183.14832366386537
2.4,0.28022508877135516,157.393931344393,183.14966036687977
2.41,0.2814712754506951,157.37771051596948,183.15098801418134
2.42,0.28271800712598194,157.36147982726848,183.1523066107841
2.43,0.2839652826975859,157.3452379376938,183.15361616195142
2.44,0.2852131010658773,157.32898612050954,183.15491667319748
2.45,0.28646146113122634,157.31272415664702,183.15620815028734
2.46,0.28771036179400333,157.2964512240047,183.15749059923803
2.47,0.2889598019545785,157.2801684453557,183.15876402631994
2.48,0.29020978051332214,157.26387516348342,183.16002843805822
2.49,0.29146029637060455,157.24757128868302,183.16128384123286
2.5,0.29271134842679586,157.2312575763393,183.16253024288153
2.5100000000000002,0.2939629355822665,157.21493300734832,183.16376765029977
2.52,0.2952150567373865,157.1985982184781,183.16499607104373
2.5300000000000002,0.29646771079252643,157.18225360068556,183.16621551293085
2.54,0.297720896648056,157.16589777591193,183.16742598404198
2.5500000000000003,0.2989746131899418,157.14953210153772,183.16862749270973
2.56,0.3002288592508961,157.13315627540553,183.16982004748397
2.57,0.30148363365132685,157.11676955824746,183.17100365717448
2.58,0.302738935211642,157.10037302741458,183.17217833086514
2.59,0.3039947627522494,157.0839659979744,183.17334407791643
2.6,0.305251115093557,157.06754844483734,183.17450090796737
2.61,0.30650799105597265,157.0511210870728,183.17564883093905
2.62,0.3077653894599043,157.03468288684513,183.17678785703632
2.63,0.30902330912575976,157.01823452757992,183.1779179967511
2.64,0.31028174887394705,157.00177637289462,183.17903926086572
2.65,0.31154070752487395,156.98530703485318,183.18015166045535
2.66,0.3128001838989484,156.9688278997959,183.18125520689193
2.67,0.3140601768165784,156.9523386371063,183.18234991184738
2.68,0.3153206850981717,156.9358385362608,183.1834357872966
2.69,0.3165817075641362,156.9193286562349,183.18451284552174
2.7,0.31784324303488004,156.9028083109049,183.18558109911612
2.71,0.3191052903308108,156.8862774867635,183.18664056098805
2.72,0.3203678482723366,156.869736893082,183.1876912443649
2.73,0.3216309156798652,156.85318549929187,183.18873316279698
2.74,0.3228944913738046,156.83662398349674,183.1897663301633
2.75,0.3241585741745626,156.82005270796438,183.19079076067464
2.7600000000000002,0.32542316290254725,156.80347030035594,183.19180646887995
2.77,0.3266882563781663,156.78687812504245,183.19281346966972
2.7800000000000002,0.32795385342182776,156.77027587334823,183.1938117782824
2.79,0.3292199528539394,156.75366281363685,183.19480141030843
2.8000000000000003,0.3304865534949093,156.73704001143562,183.19578238169714
2.81,0.3317536541651452,156.7204068038452,183.19675470876183
2.82,0.333021253685055,156.70376314013177,183.197718408185
2.83,0.33428935087504674,156.68710974417087,183.19867349702483
2.84,0.3355579445555282,156.67044561655482,183.19961999272238
2.85,0.33682703354690735,156.65377138230195,183.20055791310588
2.86,0.338096616669592,156.637087426209,183.2014872763993
2.87,0.3393666927439902,156.62039241490794,183.20240810122803
2.88,0.34063726059050964,156.60368764407943,183.20332040662635
2.89,0.3419083190295584,156.5869728731784,183.20422421204444
2.9,0.3431798668815443,156.57024730381067,183.2051195373554
2.91,0.3444519029668753,156.55351203087343,183.2060064028639
2.92,0.34572442610595916,156.5367664370087,183.20688482931274
2.93,0.34699743511920395,156.52001038965093,183.20775483789186
2.94,0.34827092882701743,156.5032446495772,183.20861645024567
2.95,0.3495449060498076,156.48646827034042,183.20946968848233
2.96,0.35081936560798227,156.469681780305,183.21031457518214
2.97,0.3520943063219495,156.45288560857446,183.21115113340582
2.98,0.35336972701211694,156.43607848203598,183.21197938670448
2.99,0.35464562649889275,156.41926158514414,183.21279935912895
3.0,0.3559220036026846,156.40243478748732,183.21361107523816
3.0100000000000002,0.3571988571439006,156.38559718245725,183.2144145601107
3.02,0.3584761859429485,156.36874991504146,183.21520983935326
3.0300000000000002,0.35975398882023624,156.35189243365437,183.21599693911185
3.04,0.3610322645961717,156.3350244834723,183.21677588608242
3.0500000000000003,0.3623110120911629,156.31814688237827,183.21754670752034
3.06,0.36359023012561753,156.30125875660482,183.2183094312533
3.0700000000000003,0.3648699175199437,156.28436049846204,183.2190640856908
3.08,0.36615007309454917,156.26745260105085,183.2198106998371
3.09,0.3674306956698419,156.2505338707222,183.22054930330182
3.1,0.36871178406622973,156.23360534232688,183.22127992631263
3.11,0.36999333710412063,156.21666703342984,183.22200259972757
3.12,0.3712753536039225,156.199717891914,183.22271735504683
3.13,0.3725578323860432,156.18275913149347,183.2234242244266
3.14,0.37384077227089063,156.1657902845141,183.22412324069143
3.15,0.37512417207887266,156.14881093761844,183.22481443734776
3.16,0.3764080306303973,156.13182198392113,183.22549784859743
3.17,0.3776923467458723,156.11482263998695,183.22617350935195
3.18,0.37897711924570576,156.09781312681108,183.2268414552463
3.19,0.38026234695030536,156.08079401910885,183.22750172265336
3.2,0.38154802868007914,156.06376421984314,183.22815434869867
3.21,0.38283416325543496,156.0467245800115,183.2287993712758
3.22,0.3841207494967807,156.02967529886917,183.22943682906114
3.23,0.38540778622452426,156.01261514562597,183.23006676152966
3.24,0.38669527225041445,155.99554541929004,183.230689208967
3.25,0.3879832063296903,155.97846575224222,183.23130421246256
3.2600000000000002,0.389271587194923,155.961375540434,183.23191181394407
3.27,0.3905604135786225,155.94427576827442,183.23251205620494
3.2800000000000002,0.3918496842132989,155.92716575826375,183.23310498292165
3.29,0.39313939783146223,155.91004552892778,183.23369063867153
3.3000000000000003,0.3944295531656226,155.89291575215657,183.23426906894903
3.31,0.39572014894829005,155.87577544263007,183.23484032018516
3.3200000000000003,0.3970111839119747,155.8586252373365,183.235404439765
3.33,0.3983026567891865,155.84146549769906,183.23596147604653
3.34,0.3995945663124357,155.82429493261074,183.23651147837893
3.35,0.4008869112142322,155.80711479346468,183.2370544971228
3.36,0.40217969022708616,155.7899248758843,183.23759058366886
3.37,0.40347290208350767,155.7727243570553,183.238119790458
3.38,0.4047665455160067,155.75551432669891,183.23864217100163
3.39,0.40606061925709347,155.73829422682343,183.23915777990192
3.4,0.4073551220392779,155.72106384639974,183.23966667287266
3.41,0.4086500525950701,155.70382396801458,183.2401689067603
3.42,0.4099454096569801,155.68657373114667,183.24066453956576
3.43,0.4112411919575182,155.6693135326735,183.24115363046576
3.44,0.4125373982291941,155.65204384998253,183.24163623983526
3.45,0.4138340272045182,155.63476352194053,183.24211242926958
3.46,0.4151310776160003,155.61747354950606,183.24258226160754
3.47,0.41642854819615077,155.6001739753625,183.24304580095458
3.48,0.4177264376774794,155.5828637338961,183.24350311270518
3.49,0.4190247447924964,155.56554403213354,183.2439542635687
3.5,0.4203234682737118,155.54821444315456,183.24439932159137
3.5100000000000002,0.4216226068536357,155.5308745033158,183.244838356182
3.52,0.4229221592647781,155.51352511740564,183.24527143813617
3.5300000000000002,0.42422212423964917,155.49616556078144,183.2456986396622
3.54,0.42552250051075885,155.47879596812007,183.24612003440518
3.5500000000000003,0.4268232868106174,155.46141694379213,183.24653569747454
3.56,0.4281244818717347,155.44402746723748,183.24694570546887
3.5700000000000003,0.4294260844266209,155.42662826785406,183.24735013650292
3.58,0.43072809320778604,155.40921965138972,183.2477490702344
3.59,0.43203050694774014,155.39180030314625,183.24814258789166
3.6,0.4333333243789935,155.37437154369442,183.24853077229992
3.61,0.43463654423405595,155.35693309134714,183.2489137079103
3.62,0.43594016524543766,155.3394842107674,183.2492914808283
3.63,0.43724418614564864,155.32202593845594,183.24966417884082
3.64,0.43854860566719905,155.30455769475154,183.25003189144726
3.65,0.43985342254259885,155.28707933400327,183.25039470988617
3.66,0.4411586355043582,155.26959159659827,183.2507527271672
3.67,0.44246424328498707,155.2520936111801,183.25110603809978
3.68,0.4437702446169957,155.2345858184057,183.2514547393235
3.69,0.44507663823289395,155.21706866423273,183.2517989293392
3.7,0.44638342286519206,155.19954098727985,183.25213870853938
3.71,0.4476905972464,155.1820038111826,183.25247417924015
3.72,0.44899816010902793,155.16445714660296,183.25280544571208
3.73,0.45030611018558575,155.1468999713585,183.2531326142127
3.74,0.4516144462085837,155.1293334612049,183.25345579301876
3.75,0.4529231669105318,155.11175718861455,183.25377509245854
3.7600000000000002,0.4542322710239401,155.09417071339135,183.2540906249451
3.77,0.4555417572813186,155.07657491901298,183.25440250500978
3.7800000000000002,0.45685162441517757,155.0589690900162,183.25471084933548
3.79,0.45816187115802687,155.04135336502767,183.2550157767904
3.8000000000000003,0.4594724962423767,155.0237283368236,183.25531740846276
3.81,0.460783498400737,155.0060930035693,183.25561586769547
3.8200000000000003,0.46209487636561797,154.98844807959776,183.25591128012053
3.83,0.46340662886952966,154.97079386853648,183.25620377369438
3.84,0.464718754644982,154.9531290837206,183.2564934787339
3.85,0.4660312524244853,154.93545501211935,183.25678052795175
3.86,0.46734412094054945,154.9177713947849,183.25706505649234
3.87,0.46865735892568455,154.9000774866091,183.25734720196886
3.88,0.46997096511240066,154.8823743193045,183.2576271045001
3.89,0.47128493823320794,154.86466133807977,183.2579049067461
3.9,0.4725992770206163,154.84693837007245,183.25818075394722
3.91,0.47391398020713604,154.82920615956616,183.25845479396057
3.92,0.475229046525277,154.81146386860237,183.25872717729857
3.93,0.4765444747054189,154.79371189365395,183.2589980571658
3.94,0.4778602634518284,154.77595069302492,183.25926758949367
3.95,0.4791764114512639,154.75817914702932,183.2595359329796
3.96,0.48049291739016026,154.7403982186091,183.2598032491308
3.97,0.4818097799549527,154.72260796705083,183.26006970230227
3.98,0.4831269978320763,154.704807335754,183.2603354597369
3.99,0.4844445697079661,154.68699750791214,183.26060069160508
4.0,0.4857624942690573,154.6691780923072,183.26086557104344
4.01,0.48708077020178486,154.6513485988932,183.2611302741964
4.0200000000000005,0.4883993961925841,154.63350992626295,183.26139498025543
4.03,0.48971837092788983,154.6156614027974,183.26165987149955
4.04,0.49103769309413736,154.59780310229382,183.2619251333363
4.05,0.49235736137776165,154.5799356400935,183.26219095434237
4.0600000000000005,0.493677374465198,154.56205806551853,183.26245752630462
4.07,0.4949977310428812,154.54417101353954,183.26272504426151
4.08,0.49631842979724655,154.52627481757477,183.2629937065434
4.09,0.49763946941472914,154.5083682492089,183.26326371481585
4.1,0.498960848581764,154.49045250195735,183.26353527411922
4.11,0.5002825659847864,154.47252739674997,183.2638085929119
4.12,0.5016046203102311,154.45459212435478,183.26408388311208
4.13,0.5029270102445336,154.43664773862437,183.2643613601384
4.14,0.5042497344741286,154.4186937349139,183.26464124295376
4.15,0.5055727916854516,154.40072986319706,183.26492375410615
4.16,0.5068961805649373,154.38275689637433,183.26520911977218
4.17,0.508219899799021,154.36477405298845,183.2654975697977
4.18,0.5095439480741379,154.3467816397378,183.2657893377418
4.19,0.510868324076723,154.3287801498043,183.26608466091855
4.2,0.5121930264932113,154.31076852614711,183.2663837804392
4.21,0.5135180540100379,154.29274762974694,183.26668694125448
4.22,0.514843405313638,154.27471760707897,183.26699439219828
4.23,0.5161690790904468,154.2566773313358,183.26730638602749
4.24,0.5174950740268992,154.2386280107688,183.26762317946813
4.25,0.5188213888094303,154.22056930655344,183.26794503325402
4.26,0.5201480221244752,154.20250064727924,183.2682722121711
4.2700000000000005,0.5214749726584693,154.18442296212882,183.26860498509916
4.28,0.5228022390978472,154.1663356373031,183.26894362505382
4.29,0.5241298201290443,154.14823865448787,183.26928840922852
4.3,0.5254577144384956,154.13013266493996,183.26963961903644
4.3100000000000005,0.5267859207126364,154.11201678102628,183.26999754015193
4.32,0.5281144376379016,154.09389153526416,183.27036246255295
4.33,0.5294432639007263,154.07575730210945,183.27073468056082
4.34,0.5307723981875455,154.05761292121815,183.27111449288296
4.3500000000000005,0.5321018391847946,154.03945947370937,183.27150220265293
4.36,0.5334315855789085,154.02129687664757,183.2718981174714
4.37,0.5347616360563222,154.00312424317696,183.272302549446
4.38,0.5360919893034709,153.98494265572998,183.27271581523266
4.39,0.5374226440067899,153.96675166487327,183.27313823607417
4.4,0.538753598852714,153.94855093401074,183.27357013783995
4.41,0.5400848525276785,153.9303412690442,183.27401185106632
4.42,0.5414164037181182,153.9121219480661,183.2744637109936
4.43,0.5427482511104684,153.89389318264384,183.27492605760605
4.44,0.5440803933911644,153.87565550318863,183.27539923566783
4.45,0.545412829246641,153.85740791635953,183.2758835947634
4.46,0.5467455573633334,153.83915117982338,183.27637948933153
4.47,0.5480785764276767,153.82088552592737,183.27688727870424
4.48,0.5494118851261061,153.8026097617143,183.27740732714136
4.49,0.5507454821450564,153.78432511812582,183.2779400038667
4.5,0.5520793661709629,153.76603130512032,183.278485683103
4.51,0.5534135358902605,153.74772767792493,183.279044744106
4.5200000000000005,0.5547479899893849,153.7294151919634,183.2796175711985
4.53,0.5560827271547705,153.7110932857058,183.28020455380278
4.54,0.5574177460728527,153.69276186062615,183.28080608647377
4.55,0.5587530454300664,153.67442159759054,183.28142256893054
4.5600000000000005,0.5600886239128471,153.6560716645441,183.2820544060869
4.57,0.5614244802076296,153.63771250729943,183.28270200808194
4.58,0.5627606130008489,153.61934453311042,183.28336579030918
4.59,0.5640970209789404,153.6009666403467,183.28404617344503
4.6000000000000005,0.565433702828339,153.58257981727942,183.2847435834775
4.61,0.5667706572354799,153.56418405491632,183.28545845173107
4.62,0.5681078828853441,153.54577841368274,183.286191214894
4.63,0.5694453784232987,153.52736399176032,183.28694231502007
4.64,0.5707831424513297,153.50894038103664,183.2877121995475
4.65,0.5721211735692139,153.49050718698527,183.28850132134414
4.66,0.5734594703767276,153.4720652338023,183.28931013872966
4.67,0.5747980314736476,153.45361384340686,183.290139115496
4.68,0.5761368554597507,153.43515316455782,183.2909887209268
4.69,0.5774759409348134,153.4166837483379,183.29185942981604
4.7,0.5788152864986122,153.39820464757682,183.29275172248435
4.71,0.580154890750924,153.37971655258062,183.2936660847952
4.72,0.5814947522915254,153.36121974217838,183.29460300816984
4.73,0.5828348697201929,153.34271300097748,183.29556298959915
4.74,0.5841752416367032,153.3241975591171,183.29654653165744
4.75,0.585515866640833,153.3056731542043,183.2975541425107
4.76,0.5868567433323588,153.2871391129274,183.2985863359279
4.7700000000000005,0.5881978703110576,153.2685963941201,183.29964363128718
4.78,0.5895392461767057,153.25004446482683,183.3007265535818
4.79,0.5908808695290797,153.23148319463897,183.301835633426
4.8,0.5922227389679565,153.21291326943827,183.30297140705667
4.8100000000000005,0.5935648530931127,153.19433388733782,183.3041344163359
4.82,0.5949072105043248,153.1757454592246,183.30532520874948
4.83,0.5962498098013694,153.15714839882224,183.3065443374062
4.84,0.5975926495840234,153.13854163611663,183.30779236103268
4.8500000000000005,0.5989357284520633,153.11992612170332,183.30906984397004
4.86,0.6002790450052657,153.10130186277655,183.31037735616454
4.87,0.6016225978434073,153.0826679274534,183.31171547315944
4.88,0.6029663855662648,153.0640253990066,183.31308477608414
4.89,0.6043104067736147,153.04537387928377,183.31448585164065
4.9,0.6056546600652338,153.0267129795552,183.31591929208886
4.91,0.6069991440408986,153.00804350998496,183.31738569522997
4.92,0.6083438573003858,152.98936480333919,183.31888566438718
4.93,0.609688798443472,152.9706770125524,183.32041980838434
4.94,0.611033966069934,152.9519806754139,183.32198874152283
4.95,0.6123793587795483,152.93327485635587,183.32359308355674
4.96,0.6137249751720916,152.91456024850467,183.32523345966362
4.97,0.6150708138473404,152.89583710607064,183.32691050041677
4.98,0.6164168734050717,152.8771042616806,183.3286248417507
4.99,0.6177631524450617,152.8583629114073,183.33037712492836
5.0,0.6191096495670874,152.83961278017344,183.3321679965023
5.01,0.6204563633709251,152.8208532446002,183.33399810827723
5.0200000000000005,0.6218032924563519,152.80208522719732,183.3358681172663
5.03,0.6231504354231441,152.78330818336886,183.33777868564755
5.04,0.6244977908710783,152.76452203234717,183.33973048071695
5.05,0.6258453573999313,152.7457274237594,183.34172417483788
5.0600000000000005,0.6271931336094799,152.72692354418814,183.34376044538976
5.07,0.6285411180995004,152.70811085410628,183.34583997471265
5.08,0.6298893094697696,152.6892897309323,183.34796345004975
5.09,0.6312377063200642,152.67045909311878,183.3501315634859
5.1000000000000005,0.6325863072501609,152.6516199410203,183.35234501188611
5.11,0.633935110859836,152.63277220807544,183.35460449682785
5.12,0.6352841157488665,152.61391506261066,183.35691072453244
5.13,0.6366333205170289,152.59504952619616,183.35926440579306
5.14,0.6379827237640998,152.57617516354728,183.3616662559001
5.15,0.6393323240898561,152.55729168708194,183.36411699456247
5.16,0.6406821200940741,152.53839984471102,183.36661734582748
5.17,0.6420321103765306,152.51949893158314,183.3691680379955
5.18,0.6433822935370023,152.5005892029252,183.3717698035346
5.19,0.6447326681752658,152.48167113361805,183.3744233789877
5.2,0.6460832328910976,152.46274374989386,183.3771295048816
5.21,0.6474339862842745,152.44380784851333,183.37988892562748
5.22,0.6487849269545731,152.42486355496865,183.38270238942334
5.23,0.6501360535017703,152.40590985817482,183.38557064814896
5.24,0.6514873645256423,152.38694786420535,183.38849445725975
5.25,0.6528388586259659,152.3679772325267,183.39147457567657
5.26,0.6541905344025177,152.3489974981117,183.3945117656724
5.2700000000000005,0.6555423904550747,152.33000949235247,183.39760679275554
5.28,0.6568944253834131,152.3110126041702,183.4007604255489
5.29,0.6582466377873097,152.29200691338642,183.40397343566624
5.3,0.6595990262665412,152.27299297730386,183.40724659758564
5.3100000000000005,0.6609515894208844,152.25396991491468,183.41058068851734
5.32,0.6623043258501154,152.234938349683,183.41397648827018
5.33,0.6636572341521486,152.21589856541237,183.41743477910907
5.34,0.6650103128180305,152.1968494117818,183.4209563453363
5.3500000000000005,0.6663635601759212,152.17779205469338,183.4245419729715
5.36,0.6677169745402863,152.15872623563052,183.42819244997028
5.37,0.6690705542255916,152.13965134380527,183.43190856610317
5.38,0.6704242975463026,152.12056827812302,183.4356911127984
5.39,0.6717782028168852,152.10147650535976,183.43954088298094
5.4,0.6731322683518052,152.08237596203634,183.44345867090615
5.41,0.6744864924655278,152.0632672716968,183.44744527199157
5.42,0.6758408734725191,152.04414962997566,183.45150148264392
5.43,0.6771954096872446,152.02502351954976,183.4556281000822
5.44,0.6785500994241702,152.00588928916463,183.45982592215853
5.45,0.6799049409977613,151.98674586390555,183.46409574717305
5.46,0.6812599327224838,151.96759427144934,183.46843837368658
5.47,0.6826150729128032,151.94843437892607,183.47285460032975
5.48,0.6839703598831854,151.92926546360985,183.4773452256061
5.49,0.6853257919480961,151.91008847487353,183.48191104769498
5.5,0.6866813674220007,151.89090294039647,183.48655286424693
5.51,0.6880370846193651,151.8717086875876,183.49127147217902
5.5200000000000005,0.689392941854655,151.8525063890011,183.49606766746328
5.53,0.690748937442336,151.83329529978994,183.50094224491247
5.54,0.6921050696968738,151.81407579638213,183.50589599796348
5.55,0.6934613369327342,151.7948482750566,183.510929718455
5.5600000000000005,0.6948177374643828,151.77561171901715,183.5160441964029
5.57,0.6961742696062851,151.75636705258648,183.5212402197713
5.58,0.6975309316729071,151.737114233225,183.52651857423962
5.59,0.6988877219787144,151.71785246204226,183.5318800429676
5.6000000000000005,0.7002446388381728,151.69858272084895,183.53732540635457
5.61,0.7016016805657476,151.679304580338,183.5428554417968
5.62,0.7029588454759048,151.6600177948887,183.5484709234408
5.63,0.7043161318831099,151.64072306787855,183.55417262193242
5.64,0.7056735381018289,151.6214196959463,183.55996130416364
5.65,0.7070310624465272,151.60210798564435,183.56583773301543
5.66,0.7083887032316706,151.58278836245037,183.57180266709702
5.67,0.7097464587717246,151.56345984951935,183.57785686048163
5.68,0.7111043273811551,151.54412330446706,183.58400106243965
5.69,0.712462307374428,151.5247787380041,183.5902360171682
5.7,0.7138203970660084,151.50542531260047,183.59656246351673
5.71,0.7151785947703625,151.48606402359,183.60298113471168
5.72,0.7165368988019557,151.46669446595297,183.60949275807437
5.73,0.7178953074752539,151.44731635881195,183.61609805473978
5.74,0.7192538191047225,151.4279304173267,183.62279773936956
5.75,0.7206124320048275,151.40853596078296,183.6295925198638
5.76,0.7219711444900344,151.38913326386046,183.63648309706915
5.7700000000000005,0.723329954874809,151.36972276207666,183.64347016448335
5.78,0.7246888614736168,151.35030349959627,183.65055440795956
5.79,0.7260478626009237,151.33087630554206,183.65773650540518
5.8,0.7274069565711951,151.31144120524084,183.6650171264803
5.8100000000000005,0.7287661416988972,151.2919973615884,183.67239693229223
5.82,0.7301254162984951,151.27254576374762,183.67987657508863
5.83,0.7314847786844549,151.25308601153077,183.68745669794777
5.84,0.7328442271712421,151.23361782805313,183.69513793446652
5.8500000000000005,0.7342037600733226,151.2141419204677,183.70292090844686
5.86,0.7355633757051617,151.19465761117215,183.71080623357972
5.87,0.7369230723812253,151.1751651823878,183.7187945131266
5.88,0.7382828484159792,151.1556650597978,183.72688633960146
5.89,0.7396427021238889,151.13615628897148,183.73508229444698
5.9,0.7410026318194203,151.11663971009813,183.74338294771403
5.91,0.7423626358170389,151.0971153231555,183.75178885773443
5.92,0.7437227124312104,151.07758233184734,183.7603005707976
5.93,0.7450828599764004,151.05804169880335,183.76891862082138
5.94,0.746443076767075,151.03849300859707,183.777643529025
5.95,0.7478033611176994,151.0189360288354,183.7864758035987
5.96,0.7491637113427396,150.99937143824113,183.7954159393735
5.97,0.750524125756661,150.97979854220767,183.80446441749066
5.98,0.7518846026739298,150.96021767109335,183.813621705069
5.99,0.7532451404090111,150.9406292202723,183.82288825487302
6.0,0.7546057372763709,150.92103221656737,183.83226450498017
6.01,0.7559663915904749,150.90142755190556,183.84175087844716
6.0200000000000005,0.7573271016657886,150.8818151598535,183.8513477829779
6.03,0.7586878658167778,150.86219432638654,183.8610556105892
6.04,0.760048682358975,150.84256596668803,183.8708747372858
6.05,0.7614095497982727,150.82292962952687,183.88080552411773
6.0600000000000005,0.7627704670489196,150.8032851685107,183.8908483185431
6.07,0.7641314330779668,150.78363321299315,183.90100345159752
6.08,0.7654924468524664,150.7639730307884,183.91127123718638
6.09,0.7668535073394699,150.74430504192506,183.92165197175498
6.1000000000000005,0.7682146135060288,150.72462959051424,183.93214593396195
6.11,0.7695757643191948,150.7049456640587,183.9427533843512
6.12,0.7709369587460195,150.68525424775925,183.95347456502654
6.13,0.7722981957535546,150.66555516686086,183.96430969932766
6.140000000000001,0.7736594743088518,150.645847831906,183.97525899150787
6.15,0.7750207933789625,150.62613308929184,183.9863226264111
6.16,0.7763821519309383,150.60641043104866,183.99750076915433
6.17,0.777743548931831,150.586679839051,184.00879356480908
6.18,0.779104983348692,150.5669418719551,184.02020113808751
6.19,0.7804664541485734,150.54719573909077,184.03172359302806
6.2,0.7818279602985263,150.52744199237117,184.0433610126863
6.21,0.7831895007656025,150.50768087854516,184.05511345882636
6.22,0.7845510745168536,150.4879113993123,184.06698097161663
6.23,0.7859126805193315,150.4681346009053,184.07896356932758
6.24,0.7872743177400874,150.44835018254423,184.09106124803338
6.25,0.7886359851461731,150.42855772220307,184.1032739813163
6.26,0.7899976817046401,150.40875797585787,184.1156017199746
6.2700000000000005,0.7913594063825404,150.38895035763133,184.12804439173524
6.28,0.7927211581469253,150.36913502042154,184.14060190096924
6.29,0.7940829359648465,150.3493124306032,184.15327412841086
6.3,0.7954447388033555,150.32948171792142,184.16606093088356
6.3100000000000005,0.7968065656295042,150.30964360879943,184.17896214102552
6.32,0.798168415410344,150.2897981598063,184.191977567026
6.33,0.7995302871129265,150.2699445797058,184.20510699236064
6.34,0.8008921797043035,150.25008380434582,184.21835017553576
6.3500000000000005,0.8022540921515265,150.23021543540852,184.23170684983552
6.36,0.8036160234216472,150.21033926145617,184.24517672307547
6.37,0.804977972481717,150.19045592625122,184.25875947736128
6.38,0.8063399382987878,150.17056474474626,184.2724547688531
6.390000000000001,0.8077019198399112,150.15066608382884,184.28626222753564
6.4,0.8090639160721386,150.13076029589172,184.30018145699455
6.41,0.8104259259625217,150.11084640994372,184.31421203419896
6.42,0.8117879484781123,150.0909253696687,184.32835350929022
6.43,0.8131499825859618,150.07099699838054,184.34260540537707
6.44,0.8145120272531221,150.0510607553168,184.35696721833796
6.45,0.8158740814466444,150.03111744401323,184.37143841663013
6.46,0.8172361441335807,150.01116654726385,184.38601844110514
6.47,0.8185982142809825,149.99120810737688,184.40070670483254
6.48,0.8199602908559014,149.9712426340963,184.41550259293047
6.49,0.8213223728253889,149.9512693219965,184.43040546240397
6.5,0.8226844591564968,149.93128879483473,184.4454146419906
6.51,0.8240465488162767,149.9113011833663,184.46052943201417
6.5200000000000005,0.8254086407717803,149.89130565276824,184.47574910424763
6.53,0.826770733990059,149.87130314860437,184.4910729017818
6.54,0.8281328274381645,149.85129330403817,184.5065000389049
6.55,0.8294949200831485,149.83127587197487,184.52202970098867
6.5600000000000005,0.8308570108920628,149.81125150180665,184.5376610443849
6.57,0.8322190988319584,149.79121953625366,184.55339319632918
6.58,0.8335811828698876,149.7711803142219,184.56922525485464
6.59,0.8349432619729016,149.751134189773,184.58515628871427
6.6000000000000005,0.8363053351080523,149.73108021610497,184.60118533731242
6.61,0.837667401242391,149.71101931632822,184.61731141064703
6.62,0.8390294593034826,149.6909513053212,184.63353348878738
6.63,0.8403915053514358,149.67087568190038,184.64985048784445
6.640000000000001,0.84175353068885,149.6507932173294,184.6662612361205
6.65,0.8431155261701785,149.6307033850074,184.68276452486205
6.66,0.8444774826498755,149.61060627416768,184.699359113639
6.67,0.845839390982395,149.5905023584816,184.71604373041782
6.68,0.8472012420221906,149.57039081973545,184.7328170716463
6.69,0.8485630266237164,149.55027233565758,184.7496778023527
6.7,0.849924735641426,149.5301469536322,184.76662455626084
6.71,0.8512863600477119,149.5100139537528,184.7836559373946
6.72,0.8526478921714804,149.48987421134714,184.80077053586314
6.73,0.8540093252099635,149.4697273130229,184.81796692224518
6.74,0.8553706523745604,149.44957313353575,184.83524363713644
6.75,0.8567318668766706,149.42941224844287,184.85259919113156
6.76,0.8580929619276934,149.4092439507434,184.87003206499716
6.7700000000000005,0.8594539307390282,149.38906870779266,184.8875407098579
6.78,0.8608147665220743,149.36888676431366,184.9051235473959
6.79,0.8621754624882296,149.34869721700565,184.92277897006295
6.8,0.8635360117915688,149.32850102746698,184.94050534055825
6.8100000000000005,0.8648964073773789,149.30829787808534,184.9583009900679
6.82,0.8662566421434245,149.2880874642593,184.9761642205868
6.83,0.8676167089874701,149.2678704457405,184.9940933058047
6.84,0.8689766008072808,149.24764620942557,185.01208649138854
6.8500000000000005,0.8703363105006212,149.22741504719457,185.03014199527956
6.86,0.8716958309652558,149.20717731803612,185.04825800800342
6.87,0.8730551550989495,149.18693211453487,185.0664326929935
6.88,0.8744142757385183,149.16668032274526,185.08466418610897
6.890000000000001,0.8757731832490963,149.14642175152204,185.10295056348056
6.9,0.8771318647245481,149.1261559518596,185.12128983056627
6.91,0.8784903070339242,149.10588365009144,185.13967996322174
6.92,0.8798484970462747,149.0856043098044,185.15811891118344
6.93,0.88120642163065,149.06531808209476,185.17660459855682
6.94,0.8825640676561003,149.04502539066232,185.19513492431733
6.95,0.8839214219916758,149.02472540312183,185.21370776282794
6.96,0.8852784715064266,149.0044188681866,185.2323209643706
6.97,0.8866352030694031,148.98410571869968,185.25097235569154
6.98,0.8879916035496558,148.96378539593925,185.26965974056156
6.99,0.8893476598162344,148.94345867533534,185.28838090034893
7.0,0.8907033587381894,148.92312508011517,185.3071335946077
7.01,0.892058687184571,148.90278465497775,185.3259155616779
7.0200000000000005,0.8934136320244297,148.8824378709975,185.34472451929872
7.03,0.8947681801268154,148.8620839539301,185.36355816523616
7.04,0.8961223183607784,148.84172354921685,185.38241417792185
7.05,0.8974760335952968,148.8213566794947,185.40129021710342
7.0600000000000005,0.8988293126356953,148.80098271064855,185.42018392361922
7.07,0.9001821421069017,148.78060244989695,185.43909291843732
7.08,0.9015345086021075,148.7602154632659,185.45801480541104
7.09,0.9028863987145037,148.73982172303738,185.47694717242263
7.1000000000000005,0.9042377990372817,148.71942173052153,185.49588759209715
7.11,0.9055886961636325,148.6990147529553,185.51483362252483
7.12,0.9069390766867472,148.6786013661285,185.5337828079945
7.13,0.9082889271998171,148.65818164873664,185.55273267973587
7.140000000000001,0.9096382342960335,148.6377549251247,185.57168075667224
7.15,0.9109869845685874,148.61732201722103,185.59062454618112
7.16,0.91233516461067,148.59688251727013,185.60956154486323
7.17,0.9136827610154724,148.57643635860498,185.62848923932057
7.18,0.9150297603761861,148.55598405588336,185.64740510694074
7.19,0.9163761492860021,148.53552490144637,185.66630661669024
7.2,0.9177219143381115,148.515059434498,185.68519122991282
7.21,0.9190670421257056,148.49458775662276,185.7040564011347
7.22,0.9204115192419754,148.47410918390213,185.72289957887702
7.23,0.9217553325908339,148.4536245361785,185.74171821082177
7.24,0.9230984711020662,148.43313341565022,185.76050976859537
7.25,0.9244409245174385,148.41263574954874,185.77927173147498
7.26,0.9257826825808866,148.39213204929584,185.79800157580866
7.2700000000000005,0.9271237350363463,148.37162161629809,185.81669677576218
7.28,0.9284640716277532,148.35110498557378,185.83535480410055
7.29,0.9298036820990433,148.33058224910346,185.8539731329703
7.3,0.9311425561941523,148.31005274729344,185.87254923468507
7.3100000000000005,0.9324806836570161,148.28951728144273,185.89108058251304
7.32,0.9338180542315704,148.26897544781136,185.90956465146493
7.33,0.9351546576617511,148.2484271996428,185.92799891908345
7.34,0.9364904836914939,148.22787302890058,185.9463808662324
7.3500000000000005,0.9378255220647347,148.20731223041304,185.9647079778872
7.36,0.9391597625254092,148.18674536663357,185.9829777439239
7.37,0.9404931948174532,148.166172488237,186.00118765990774
7.38,0.9418258086848026,148.14559299173962,186.01933522788033
7.390000000000001,0.9431575938713932,148.12500764383537,186.0374179571454
7.4,0.9444885402661769,148.1044160193843,186.0554333670126
7.41,0.9458186402826493,148.08381812890565,186.07337901959588
7.42,0.9471478884767485,148.06321442910135,186.09125251487436
7.43,0.9484762794723623,148.04260419303253,186.10905146315417
7.44,0.9498038078933788,148.02198804131064,186.12677348483157
7.45,0.9511304683636855,148.0013659525129,186.1444162110729
7.46,0.9524562555071705,147.98073741012848,186.16197728448995
7.47,0.9537811639477215,147.96010313063988,186.17945435981133
7.48,0.9551051883092267,147.93946265253635,186.19684510454954
7.49,0.9564283232155737,147.9188160739061,186.2141471996623
7.5,0.9577505632906503,147.89816380086552,186.23135834020886
7.51,0.9590719031583446,147.87750507003472,186.24847623600218
7.5200000000000005,0.9603923374425445,147.8568405898872,186.2654986122513
7.53,0.9617118607671375,147.8361702371424,186.28242321020258
7.54,0.9630304677560119,147.8154936120806,186.29924778777035
7.55,0.9643481530330553,147.79481136588245,186.31597012016255
7.5600000000000005,0.9656649112221558,147.774122986249,186.33258800049953
7.57,0.9669807369666225,147.75342868803625,186.34909924066721
7.58,0.9682956265956131,147.73272881199185,186.36550169263882
7.59,0.9696095794049927,147.71202254419975,186.38179326425794
7.6000000000000005,0.9709225949921614,147.69131070955444,186.39797188590623
7.61,0.972234672954519,147.67059305431533,186.41403550720264
7.62,0.973545812889466,147.64986932420078,186.42998209749467
7.63,0.9748560143944023,147.62914009057874,186.44580964633647
7.640000000000001,0.9761652770667282,147.608404776562,186.4615161639643
7.65,0.9774736005038436,147.58766374175005,186.47709968175974
7.66,0.9787809843031487,147.5669171877217,186.4925582527079
7.67,0.9800874280620437,147.54616441544005,186.50788995184482
7.68,0.9813929313779288,147.52540621463757,186.52309287669758
7.69,0.982697493848204,147.50464223342226,186.53816514771583
7.7,0.9840011150702693,147.4838723902953,186.55310490869368
7.71,0.9853037946415251,147.4630971629456,186.567910327184
7.72,0.9866055321593713,147.44231589678137,186.58257959490155
7.73,0.9879063272212082,147.4215291227665,186.59711092811958
7.74,0.9892061794244357,147.40073685701375,186.61150256805448
7.75,0.990505088366454,147.3799386009949,186.62575278124243
7.76,0.9918030536446634,147.35913503678526,186.639859859907
7.7700000000000005,0.993100074856464,147.33832572124052,186.6538221223153
7.78,0.9943961516161285,147.31751077155226,186.66763791330405
7.79,0.9956912850330015,147.2966905585762,186.68130562013025
7.8,0.9969854788645988,147.27586433765157,186.69482368396496
7.8100000000000005,0.9982787371398315,147.25503283623607,186.7081905743009
7.82,0.9995710638876104,147.2341958598402,186.7214047862919
7.83,1.0008624631368466,147.21335313558825,186.73446484099256
7.84,1.0021529389164514,147.19250522512192,186.74736928558985
7.8500000000000005,1.0034424952553356,147.17165158208297,186.7601166936243
7.86,1.0047311361824103,147.1507925466852,186.77270566520465
7.87,1.0060188657265865,147.12992830162625,186.7851348272129
7.88,1.0073056879167752,147.10905820749005,186.7974028334998
7.890000000000001,1.0085916067818879,147.0881830048699,186.8095083650736
7.9,1.009876626350835,147.0673023341366,186.82145013027892
7.91,1.011160750652528,147.04641617154863,186.8332268649676
7.92,1.0124439837158776,147.02552494636194,186.8448373326594
7.930000000000001,1.0137263295697954,147.00462799790893,186.85628032469646
7.94,1.0150077922431917,146.98372591203812,186.8675546603873
7.95,1.0162883757649779,146.96281861170235,186.8786591871429
7.96,1.0175680841640653,146.9419057322829,186.88959278060415
7.97,1.0188469214693645,146.9209878690296,186.90035434476016
7.98,1.0201248917097872,146.900064535543,186.91094281205932
7.99,1.0214019989044036,146.87913597888965,186.92135714343092
8.0,1.0226782461820945,146.85820245072298,186.93159632138017
8.01,1.023953635084663,146.83726326839513,186.94165934521385
8.02,1.025228166989915,146.8163191816508,186.95154524313247
8.03,1.0265018432756563,146.79536986714643,186.96125307367
8.040000000000001,1.0277746653196929,146.77441525574062,186.97078192577655
8.05,1.0290466344998297,146.75345578677727,186.9801309188918
8.06,1.030317752193873,146.73249083745057,186.9892992030082
8.07,1.031588019779628,146.71152094535051,186.9982859587253
8.08,1.0328574386349012,146.69054605753567,187.00709039729506
8.09,1.0341260101374978,146.66956581096665,187.0157117606571
8.1,1.0353937356652234,146.64858078728346,187.02414932146476
8.11,1.0366606165958838,146.62759051507751,187.03240238310315
8.120000000000001,1.0379266543072851,146.60659523931324,187.04047027969548
8.13,1.0391918501772326,146.58559518959396,187.04835237610493
8.14,1.040456205583532,146.56458973100615,187.05604806792113
8.15,1.0417197219039889,146.54357957639473,187.063556781444
8.16,1.0429824005164094,146.5225643949703,187.07087797365477
8.17,1.0442442427985987,146.50154416078541,187.07801113217988
8.18,1.045505250128363,146.4805192783995,187.08495577524482
8.19,1.0467654238835078,146.45948912036192,187.09171145162188
8.2,1.048024765428827,146.43845426216257,187.09827774049998
8.21,1.0492832749270296,146.41741458888924,187.10465424548667
8.22,1.0505409503836634,146.396369825075,187.11084059079263
8.23,1.0517977895795272,146.3753204951663,187.11683643182613
8.24,1.0530537902954193,146.35426610159953,187.1226414563028
8.25,1.0543089503121386,146.33320697069632,187.12825538415305
8.26,1.0555632674104831,146.31214322665892,187.13367796742568
8.27,1.0568167393712515,146.2910743655486,187.1389089901758
8.28,1.0580693639752423,146.27000102109136,187.14394826834874
8.290000000000001,1.0593211390032544,146.24892281534386,187.14879564965096
8.3,1.0605720622360857,146.227839846159,187.15345101341381
8.31,1.0618221314545346,146.20675244240184,187.1579142704475
8.32,1.0630713444394002,146.18565993362637,187.1621853628863
8.33,1.0643196989714805,146.16456301112854,187.16626426402544
8.34,1.0655671928315742,146.14346142027247,187.17015097814803
8.35,1.0668138238004798,146.12235505076015,187.17384554034592
8.36,1.0680595896589957,146.10124433042782,187.17734801632915
8.370000000000001,1.0693044881879206,146.0801286987738,187.18065850223084
8.38,1.0705485171680529,146.05900863827054,187.18377712440036
8.39,1.0717916743801907,146.03788409310695,187.18670403919035
8.4,1.073033957605133,146.0167547647465,187.18943943273743
8.41,1.0742753646126317,145.99562116995176,187.19198352071058
8.42,1.0755158921300847,145.97448284849125,187.1943365462073
8.43,1.0767555350021187,145.9533400935379,187.19649877890276
8.44,1.0779942878755804,145.9321930286011,187.19847051878958
8.45,1.0792321453973162,145.9110411863895,187.20025209633772
8.46,1.080469102214173,145.88988516275987,187.20184387222815
8.47,1.0817051529729973,145.8687245883008,187.20324623707685
8.48,1.0829402923206357,145.84755958596475,187.20445961115098
8.49,1.0841745149039348,145.8263904395267,187.20548444407942
8.5,1.0854078153697413,145.8052165319706,187.20632121455262
8.51,1.0866401883649017,145.78403852864002,187.20697043001843
8.52,1.0878716285362628,145.76285614173008,187.2074326263692
8.53,1.0891021305306712,145.74166934258253,187.2077083676221
8.540000000000001,1.0903316889949737,145.72047849809485,187.20779824559273
8.55,1.0915602985760164,145.69928303576344,187.20770287956304
8.56,1.0927879539206464,145.6780835053635,187.20742291594297
8.57,1.0940146496757102,145.6568797502936,187.2069590279243
8.58,1.0952403804880544,145.63567160840037,187.20631191513147
8.59,1.0964651410045256,145.61445950779165,187.20548230326366
8.6,1.0976889258719704,145.59324295001346,187.20447094373418
8.61,1.0989117297372357,145.57202234866384,187.20327861330315
8.620000000000001,1.100133547247168,145.55079767347127,187.2019061137053
8.63,1.1013543730486137,145.529568646383,187.20035427127291
8.64,1.1025742017884195,145.50833574782214,187.19862393655472
8.65,1.1037930281130512,145.48709854491446,187.1967159839304
8.66,1.1050108463061397,145.46585733221272,187.1946313118678
8.67,1.1062276496132761,145.4446121886838,187.19237084409616
8.68,1.1074434310956027,145.42336273742555,187.1899355281879
8.69,1.1086581838142615,145.4021095025522,187.187326334873
8.700000000000001,1.1098719008303948,145.38085210858247,187.18454425762522
8.71,1.1110845752051444,145.35959074759324,187.18159031224297
8.72,1.1122961999996526,145.33832559126552,187.17846553642948
8.73,1.1135067682750615,145.31705618032555,187.17517098936608
8.74,1.114716273092513,145.2957830742388,187.1717077512863
8.75,1.1159247075131498,145.27450594702668,187.1680769230436
8.76,1.1171320645981135,145.25322490426998,187.164279625679
8.77,1.1183383374085467,145.23194019443397,187.16031699998467
8.78,1.1195435190055911,145.21065129175204,187.15619020606601
8.790000000000001,1.1207476024503893,145.18935878299837,187.15190042290197
8.8,1.1219505808040826,145.16806238411706,187.14744884790298
8.81,1.123152447127814,145.14676212955624,187.14283669646736
8.82,1.1243531944827252,145.1254583213141,187.13806520153682
8.83,1.1255528159299582,145.10415040621143,187.1331356131498
8.84,1.1267513045306554,145.08283896677216,187.12804919799504
8.85,1.127948653345959,145.06152376154944,187.1228072389641
8.86,1.129144855437011,145.04020476857812,187.11741103470183
8.870000000000001,1.1303399038649535,145.01888231194562,187.11186189915895
8.88,1.1315337916909285,144.99755587601064,187.10616116114142
8.89,1.1327265119760783,144.97622598128837,187.1003101638633
8.9,1.1339180581095885,144.95489243880718,187.09431026282334
8.91,1.1351084250082082,144.93355518423556,187.08816281887502
8.92,1.1362976080329805,144.9122145566183,187.0818692026083
8.93,1.1374856025449975,144.89087007121674,187.0754307960734
8.94,1.1386724039053524,144.86952220002138,187.06884899235635
8.950000000000001,1.1398580074751377,144.84817079311975,187.06212519515435
8.96,1.1410424086154454,144.8268157571603,187.05526081835356
8.97,1.1422256026873687,144.80545743936153,187.04825728561
8.98,1.143407585052,144.7840953796138,187.04111602992964
8.99,1.144588351070432,144.76273001414768,187.03383849325368
9.0,1.1457678961037572,144.74136121941834,187.02642612604365
9.01,1.1469462155130683,144.7199888856706,187.01888038686974
9.02,1.1481233046594577,144.6986133618759,187.01120274200235
9.03,1.149299158904018,144.67723420665632,187.00339466500492
9.040000000000001,1.1504737736078425,144.65585183249866,186.99545763633031
9.05,1.1516471441320228,144.63446613028802,186.98739314292052
9.06,1.152819265837652,144.61307698572276,186.9792026778076
9.07,1.1539901340858225,144.59168474348408,186.9708877397198
9.08,1.1551597442376271,144.57028897541957,186.96244983268994
9.09,1.1563280916541585,144.54889008151002,186.95389046566666
9.1,1.157495171696509,144.52748795591674,186.94521115212927
9.11,1.1586609797257714,144.50608249085934,186.93641340970728
9.120000000000001,1.1598255111030384,144.484674021078,186.92749875980206
9.13,1.1609887611894023,144.46326212654637,186.91846872721274
9.14,1.1621507254460617,144.44184720516802,186.90932483897322
9.15,1.1633114001086309,144.420429144041,186.90006861852004
9.16,1.164470781773823,144.39900785215406,186.89070158828915
9.17,1.1656288670403772,144.3775836490634,186.88122527213852
9.18,1.1667856525070328,144.35615611819097,186.87164119502228
9.19,1.1679411347725288,144.33472566495246,186.86195088265376
9.200000000000001,1.169095310435605,144.3132921598883,186.8521558611737
9.21,1.1702481760949996,144.2918555381534,186.8422576568221
9.22,1.1713997283494526,144.27041609930032,186.83225779561405
9.23,1.1725499637977028,144.24897342595906,186.82215780302138
9.24,1.1736988790384895,144.22752793977588,186.81195920365775
9.25,1.174846470670552,144.2060794861159,186.8016635209686
9.26,1.1759927352926292,144.18462803481478,186.79127227692663
9.27,1.1771376695034608,144.16317386104052,186.78078699173003
9.28,1.1782812699017855,144.14171654284476,186.77020918350735
9.290000000000001,1.179423533086343,144.12025652591984,186.75954036802608
9.3,1.1805644556558719,144.0987936227463,186.74878205840628
9.31,1.1817040342091116,144.07732784544098,186.7379357648391
9.32,1.1828422653448014,144.05585943385213,186.72700299431034
9.33,1.1839791456616806,144.03438797916374,186.71598525032772
9.34,1.1851146717584882,144.01291393696727,186.70488403265452
9.35,1.1862488402339635,143.99143708709946,186.69370083704786
9.36,1.1873816476868457,143.9699574906117,186.68243715500017
9.370000000000001,1.188513090715874,143.94847532971048,186.67109447348847
9.38,1.189643166010375,143.92699026248326,186.65967427380696
9.39,1.1907718715023563,143.9055027037315,186.6481780195095
9.4,1.1918992060258615,143.8840124137208,186.63660715919715
9.41,1.1930251684351918,143.86251950811084,186.62496313510692
9.42,1.1941497575846487,143.84102410591302,186.61324738311134
9.43,1.1952729723285334,143.81952593754818,186.60146133252067
9.44,1.1963948115211473,143.79802537418172,186.58960640588901
9.450000000000001,1.1975152740167923,143.7765221543064,186.57768401882566
9.46,1.1986343586697692,143.75501645285055,186.56569557981172
9.47,1.1997520643343795,143.7335083210969,186.55364249002002
9.48,1.2008683898649246,143.71199756620362,186.54152614314148
9.49,1.201983334115706,143.69048451336454,186.52934792521495
9.5,1.203096895941025,143.668968877624,186.5171092144626
9.51,1.204209074195183,143.6474508967918,186.50481138112997
9.52,1.2053198677324815,143.62593055094186,186.49245578732948
9.53,1.206429275407222,143.60440772731403,186.48004378688992
9.540000000000001,1.2075372960737056,143.5828827033224,186.4675767252103
9.55,1.2086439285862336,143.56135516943047,186.45505593911767
9.56,1.2097491717991078,143.53982542886078,186.44248275672962
9.57,1.2108530245666294,143.5182933880862,186.42985849732221
9.58,1.2119554857430994,143.49675901667808,186.4171844712004
9.59,1.21305655418282,143.47522254300762,186.4044619795751
9.6,1.2141562287400918,143.45368363238572,186.39169231444322
9.61,1.2152545082692168,143.43214265486185,186.37887675847233
9.620000000000001,1.2163513916244961,143.41059944203923,186.36601658488934
9.63,1.2174468776602312,143.38905404694043,186.3531130573747
9.64,1.218540965230723,143.36750661213767,186.3401674299586
9.65,1.2196336531902738,143.34595688596252,186.32718094692407
9.66,1.2207249403931841,143.32440519738665,186.31415484271145
9.67,1.221814825693756,143.30285133908964,186.30109034182877
9.68,1.222903308118031,143.2812954474992,186.28798865669452
9.69,1.2239903878372314,143.25973757392515,186.27485097572557
9.700000000000001,1.2250760654910222,143.2381775663527,186.2616784712183
9.71,1.2261603417204712,143.21661569571958,186.24847230487697
9.72,1.227243217166646,143.19505172221014,186.2352336277761
9.73,1.2283246924706144,143.17348586440957,186.22196358031192
9.74,1.229404768273444,143.15191808377435,186.20866329215525
9.75,1.2304834452162021,143.1303483263694,186.19533388220765
9.76,1.231560723939957,143.1087768057387,186.18197645856253
9.77,1.2326366050857762,143.08720325095825,186.16859211846864
9.78,1.2337110892947272,143.06562796028402,186.15518194829656
9.790000000000001,1.2347841772078778,143.04405080797352,186.14174702350994
9.8,1.2358558694662956,143.02247183534536,186.1282884086372
9.81,1.2369261667110483,143.0008911676502,186.11480715724994
9.82,1.2379950695832036,142.97930860137308,186.101304311941
9.83,1.2390625787238292,142.95772441418788,186.08778090430806
9.84,1.2401286947739927,142.93613842925387,186.07423795493864
9.85,1.2411934183747617,142.91455077902734,186.06067647339927
9.86,1.2422567501672042,142.89296149030992,186.04709745822566
9.870000000000001,1.2433186907923877,142.87137046586818,186.03350189691844
9.88,1.2443792408913799,142.84977792153134,186.01989076593844
9.89,1.2454384011052482,142.82818364668083,186.00626503070814
9.9,1.2464961720750605,142.8065878594664,185.99262564561204
9.91,1.2475525544418846,142.78499049386912,185.978973554003
9.92,1.248607548846788,142.76339155312021,185.9653096882089
9.93,1.2496611559308386,142.74179118026962,185.95163496954243
9.94,1.2507133763351037,142.72018917554118,185.93795030831384
9.950000000000001,1.2517642107006515,142.69858579490415,185.92425660384566
9.96,1.252813659668549,142.676980900209,185.910554744489
9.97,1.2538617238798866,142.65537458795365,185.89684560764331
9.98,1.2549084043043313,142.63376690103385,185.8831300554685
9.99,1.2559537030689338,142.61215774722618,185.8694089239832
10.0,1.2569976225554473,142.590547319655,185.85568303484752
10.01,1.258040165145624,142.56893544727123,185.8419531987318
10.02,1.2590813332212165,142.5473223112213,185.8282202153598
10.03,1.2601211291639778,142.52570786306643,185.8144848735529
10.040000000000001,1.2611595553556603,142.50409210911045,185.8007479512759
10.05,1.2621966141780165,142.4824751700168,185.7870102156846
10.06,1.263232308012799,142.46085688893524,185.77327242317457
10.07,1.2642666392417603,142.43923747968083,185.75953531943304
10.08,1.2652996102466534,142.41761682673445,185.74579963948935
10.09,1.2663312234092308,142.39599502442672,185.73206610776998
10.1,1.2673614811112448,142.37437209897166,185.71833543815242
10.11,1.2683903857344483,142.35274799489136,185.7046083340222
10.120000000000001,1.2694179396605938,142.33112286586658,185.69088548832949
10.13,1.270444145271434,142.30949656816787,185.6771675836489
10.14,1.2714690049487214,142.2878692721363,185.6634552922385
10.15,1.2724925210742086,142.26624092177175,185.6497492761016
10.16,1.2735146960296482,142.24461155050957,185.63605018704894
10.17,1.2745355321967928,142.22298123363984,185.622358666761
10.18,1.2755550319573954,142.20134987912687,185.60867534685397
10.19,1.276573197693208,142.17971764679535,185.59500084894339
10.200000000000001,1.2775900317859838,142.1580844365486,185.58133578471123
10.21,1.278605536617475,142.13645035670396,185.56768075597324
10.22,1.279619714569434,142.11481540175387,185.5540363547466
10.23,1.280632568023614,142.0931795668645,185.54040316331816
10.24,1.281644099361767,142.0715429541395,185.5267817543155
10.25,1.2826543109656463,142.04990545687485,185.51317269077603
10.26,1.2836632052170038,142.02826722979316,185.49957652621873
10.27,1.2846707845012535,142.00662820674899,185.4859938046659
10.28,1.2856770516357243,141.98498845398527,185.47242505494154
10.290000000000001,1.2866820102707228,141.9633479969158,185.45887078532678
10.3,1.2876856641514438,141.9417068116209,185.44533149358435
10.31,1.2886880170230832,141.92006500135565,185.4318076683193
10.32,1.2896890726308365,141.89842248374117,185.41829978905977
10.33,1.2906888347198995,141.8767793782991,185.4048083263402
10.34,1.2916873070354673,141.85513565179934,185.39133374178175
10.35,1.292684493322736,141.83349134480721,185.37787648817667
10.36,1.2936803973269007,141.81184649765962,185.36443700956977
10.370000000000001,1.2946750227931572,141.7902010829405,185.35101574134183
10.38,1.295668373466701,141.7685551926709,185.3376131102919
10.39,1.2966604530927275,141.74690877516858,185.32422953472118
10.4,1.2976512654164325,141.72526191545225,185.31086542451604
10.41,1.2986408141830115,141.7036146043689,185.2975211812311
10.42,1.2996291031376597,141.6819668694973,185.28419719817265
10.43,1.3006161360255732,141.66031875382572,185.27089386048266
10.44,1.3016019165919475,141.63867023828368,185.25761154522087
10.450000000000001,1.3025864485819778,141.61702139741575,185.24435062144937
10.46,1.3035697357408598,141.5953722056938,185.2311114503155
10.47,1.304551781813789,141.57372272334348,185.21789438513485
10.48,1.3055325905459614,141.55207295601366,185.20469977147494
10.49,1.3065121656825718,141.5304229271262,185.1915279472378
10.5,1.3074905109688164,141.50877267393165,185.17837924274343
10.51,1.3084676301498903,141.48712219364262,185.1652539808124
10.52,1.3094435269709894,141.4654715390297,185.15215247684839
10.53,1.3104182051773092,141.44382070817176,185.13907503892057
10.540000000000001,1.3113916685140454,141.42216974223444,185.12602196784692
10.55,1.312363920726393,141.4005186563917,185.11299355727408
10.56,1.3133349655595479,141.37886747471768,185.09999009376227
10.57,1.3143048067394487,141.35721622437825,185.08701185712124
10.58,1.3152734474605716,141.33556492274246,185.07405912734032
10.59,1.316240890331517,141.31391359853384,185.06113218536615
10.6,1.3172071379307124,141.29226227296743,185.0482313057365
10.61,1.3181721928365862,141.27061096974396,185.03535675625076
10.620000000000001,1.3191360576275664,141.24895971244553,185.02250879804805
10.63,1.3200987348820807,141.22730852642562,185.00968768568228
10.64,1.3210602271785572,141.20565742862263,184.99689366719883
10.65,1.322020537095424,141.18400645620872,184.98412698420933
10.66,1.3229796672111092,141.1623556136929,184.97138787196832
10.67,1.3239376201040405,141.14070494711382,184.9586765594476
10.68,1.324894398352646,141.11905446000057,184.9459932694119
10.69,1.3258500045353536,141.09740418755078,184.93333821849293
10.700000000000001,1.3268044412305917,141.07575415267718,184.92071161726415
10.71,1.327757711016788,141.05410436631743,184.90811367031472
10.72,1.3287098164723703,141.0324548807011,184.89554457632283
10.73,1.3296607601757668,141.01080567814358,184.88300452813036
10.74,1.3306105447054055,140.98915683343634,184.87049371281452
10.75,1.3315591726397142,140.9675083227616,184.85801231176166
10.76,1.3325066465571214,140.94586020063105,184.84556050073883
10.77,1.3334529690360546,140.92421247928218,184.83313844996636
10.78,1.334398142654942,140.90256517241602,184.82074632418966
10.790000000000001,1.3353421699922117,140.8809183380132,184.80838428274942
10.8,1.3362850536262914,140.85927194048867,184.79605247965333
10.81,1.337226796135609,140.8376260896429,184.78375106364678
10.82,1.338167400098593,140.8159807224974,184.77148017828176
10.83,1.339106868093671,140.7943359252382,184.7592399619874
10.84,1.3400452026992713,140.77269168650778,184.7470305481388
10.85,1.3409824064938216,140.7510480362433,184.73485206512575
10.86,1.34191848205575,140.72940502413758,184.7227046364213
10.870000000000001,1.3428534319000702,140.7077626144782,184.7105883814701
10.88,1.343787257820622,140.6861209273791,184.6985034242576
10.89,1.3447199611534648,140.66447987744112,184.68644988990823
10.9,1.345651543227359,140.64283958859795,184.67442789890066
10.91,1.3465820053710642,140.6212000081186,184.66243756703525
10.92,1.3475113489133403,140.59956120053124,184.65047900549837
10.93,1.3484395751829474,140.5779231882958,184.6385523209253
10.94,1.3493666855086452,140.55628595628622,184.62665761546262
10.950000000000001,1.3502926812191938,140.5346496112486,184.6147949868301
10.96,1.351217563643353,140.5130140586034,184.60296452838344
10.97,1.3521413341098825,140.49137947062013,184.59116632917437
10.98,1.3530639939475424,140.4697457303809,184.57940047401317
10.99,1.3539855444850926,140.44811296041928,184.56766704352768
11.0,1.354905987051293,140.42648113193306,184.55596611422487
11.01,1.3558253229749033,140.40485027501907,184.54429775854933
11.02,1.356743553584684,140.3832204577975,184.53266204494392
11.03,1.3576606802093942,140.3615916091548,184.52105903790752
11.040000000000001,1.3585767041777945,140.33996390287322,184.50948879805438
11.05,1.3594916268186443,140.31833719103184,184.49795138217138
11.06,1.3604054494607036,140.29671166241883,184.48644684327618
11.07,1.3613181734327326,140.27508720767685,184.47497523067395
11.08,1.362229800063491,140.25346393205086,184.46353659001466
11.09,1.3631403306817385,140.23184183446313,184.45213096334865
11.1,1.3640497666162352,140.21022090774198,184.44075838918312
11.11,1.364958109195741,140.1886012675228,184.42941890253644
11.120000000000001,1.365865359749016,140.16698278581933,184.41811253499458
11.13,1.3667715196048198,140.14536570334147,184.4068393147637
11.14,1.3676765900919123,140.12374981825948,184.3955992667255
11.15,1.3685805725390536,140.1021353387561,184.38439241249054
11.16,1.3694834682750034,140.08052215848608,184.37321877045042
11.17,1.3703852786285218,140.05891037095347,184.36207835583116
11.18,1.3712860049283684,140.03729999623354,184.3509711807452
11.19,1.3721856485033035,140.0156909974682,184.33989725424243
11.200000000000001,1.3730842106820869,139.99408352919065,184.3288565823622
11.21,1.373981692793478,139.97247741618105,184.3178491681836
11.22,1.3748780961662375,139.95087295539108,184.3068750118748
11.23,1.3757734221291247,139.9292698957857,184.29593411074478
11.24,1.3766676720108997,139.90766847321154,184.28502645929044
11.25,1.3775608471403225,139.88606856903402,184.27415204924682
11.26,1.3784529488461528,139.86447028136988,184.2633108696348
11.27,1.3793439784571506,139.8428736340162,184.25250290680916
11.28,1.3802339372781547,139.82127857892326,184.241728144795
11.290000000000001,1.381122825852603,139.79968528993783,184.2309865742355
11.3,1.3820106438226045,139.7780935652662,184.22027819403775
11.31,1.3828973907781117,139.75650373634076,184.20960300110184
11.32,1.3837830663090773,139.73491551314467,184.19896098973376
11.33,1.384667670005454,139.71332917310085,184.18835215168866
11.34,1.385551201457194,139.69174455873156,184.17777647621747
11.35,1.3864336602542502,139.67016180042629,184.16723395010732
11.36,1.3873150459865748,139.64858089691106,184.15672455772696
11.370000000000001,1.3881953582441209,139.6270018188555,184.1462482810684
11.38,1.3890745966168403,139.6054247283642,184.13580509979008
11.39,1.389952760694686,139.58384942925508,184.1253949912587
11.4,1.3908298500676104,139.56227625409903,184.11501793059043
11.41,1.3917058643255662,139.54070488989325,184.1046738906928
11.42,1.3925808030585058,139.5191356754485,184.0943628423051
11.43,1.393454665856382,139.4975683761266,184.08408475403917
11.44,1.3943274523091471,139.47600319406843,184.0738395924191
11.450000000000001,1.3951991620067536,139.45444006226143,184.06362732192164
11.46,1.3960697945391543,139.4328790119355,184.05344790501476
11.47,1.3969393494963016,139.41132015041103,184.0433013021965
11.48,1.397807826468148,139.38976333134516,184.03318747203454
11.49,1.398675225044646,139.36820884300607,184.0231063712032
11.5,1.3995415448157482,139.346656371432,184.0130579545215
11.51,1.4004067853714075,139.32510634279254,184.0030421749907
11.52,1.4012709463015758,139.30355839468805,183.9930589838313
11.53,1.4021340271962062,139.28201285282958,183.98310833051897
11.540000000000001,1.402996027645251,139.26046953140093,183.97319016282142
11.55,1.403856947238663,139.2389285764873,183.96330442683413
11.56,1.4047167855663942,139.21738998507112,183.953451067015
11.57,1.4055755422183978,139.19585371744483,183.94363002622023
11.58,1.4064332167846259,139.1743199595065,183.93384124573882
11.59,1.407289808855031,139.1527884796878,183.92408466532586
11.6,1.408145318019566,139.1312596588203,183.91436022323762
11.61,1.4089997438681832,139.1097331084205,183.90466785626418
11.620000000000001,1.4098530856760567,139.0882092874288,183.89500750332303
11.63,1.4107053412385224,139.0666878252307,183.88537911860314
11.64,1.411556508537226,139.04516905004905,183.87578265266248
11.65,1.4124065873975629,139.0236527799283,183.86621803385188
11.66,1.4132555777399014,139.00213915169667,183.85668518817417
11.67,1.4141034790104836,138.98062817765137,183.8471840456981
11.68,1.414950290588507,138.95911979768357,183.83771453598587
11.69,1.4157960118362594,138.9376142238326,183.82827658755838
11.700000000000001,1.4166406421149318,138.9161111936157,183.81887012774646
11.71,1.4174841808475878,138.89461112419744,183.8094950820221
11.72,1.4183266280637417,138.87311357962403,183.8001513680004
11.73,1.419167984136504,138.85161908476138,183.79083889844532
11.74,1.4200082494428994,138.83012719652444,183.78155758508396
11.75,1.4208474236376685,138.80863831182785,183.77230734663226
11.76,1.4216855036746532,138.78715218442693,183.7630881304839
11.77,1.422522485876501,138.76566901198575,183.75389988973615
11.78,1.423358315014101,138.7441887500344,183.7447431404226
11.790000000000001,1.4233203979597249,138.73420379564195,183.7451581253784
11.8,1.4225088967217314,138.73420379564195,183.75404891828754
11.81,1.42169926987851,138.73420379564195,183.76293685483842
11.82,1.4208904042379706,138.73420379564195,183.7718340819402
11.83,1.420082252197244,138.73420379564195,183.78074108670853
11.84,1.4192751268522061,138.73420379564195,183.7896543721933
11.85,1.4184690404106755,138.73420379564195,183.79857374577472
11.86,1.4176639065052585,138.73420379564195,183.80750010674763
11.870000000000001,1.4168597148245414,138.73420379564195,183.81643351524454
11.88,1.4160564813977208,138.73420379564195,183.82537373784643
11.89,1.4152542089108333,138.73420379564195,183.83432068770855
11.9,1.4144528949666813,138.73420379564195,183.84327433362833
11.91,1.4136525371583202,138.73420379564195,183.85223464374397
11.92,1.4128531330788061,138.73420379564195,183.861201585428
11.93,1.4120546803211944,138.73420379564195,183.8701751252883
11.94,1.411257176478541,138.73420379564195,183.8791552291702
11.950000000000001,1.4104606191439018,138.73420379564195,183.88814186215774
11.96,1.4096650059103326,138.73420379564195,183.89713498857532
11.97,1.4088703343708888,138.73420379564195,183.90613457199015
11.98,1.4080766021186266,138.73420379564195,183.9151405752126
11.99,1.4072838067466018,138.73420379564195,183.92415296029964
12.0,1.4064919458478697,138.73420379564195,183.93317168855546
12.01,1.4057010170154864,138.73420379564195,183.94219672053345
12.02,1.404911017842508,138.73420379564195,183.95122801603893
12.030000000000001,1.4041219459219894,138.73420379564195,183.96026553412983
12.040000000000001,1.403333798846987,138.73420379564195,183.96930923311984
12.05,1.4025465742105565,138.73420379564195,183.97835907057953
12.06,1.4017602696057536,138.73420379564195,183.9874150033391
12.07,1.400974882625634,138.73420379564195,183.99647698748947
12.08,1.4001904109160126,138.73420379564195,184.00554497777486
12.09,1.3994068525020262,138.73420379564195,184.01461892380377
12.1,1.3986242055747666,138.73420379564195,184.02369877248898
12.11,1.397842468326024,138.73420379564195,184.0327844699552
12.120000000000001,1.397061638947589,138.73420379564195,184.04187596154907
12.13,1.3962817156312524,138.73420379564195,184.050973191842
12.14,1.395502696568805,138.73420379564195,184.06007610463345
12.15,1.3947245799520376,138.73420379564195,184.06918464295248
12.16,1.3939473639727404,138.73420379564195,184.07829874906093
12.17,1.3931710468227045,138.73420379564195,184.0874183644567
12.18,1.3923956266937205,138.73420379564195,184.09654342987517
12.19,1.391621101777579,138.73420379564195,184.1056738852937
12.200000000000001,1.3908474702660705,138.73420379564195,184.11480966993284
12.21,1.390074730350986,138.73420379564195,184.12395072226082
12.22,1.3893028802241159,138.73420379564195,184.1330969799955
12.23,1.388531918077251,138.73420379564195,184.1422483801074
12.24,1.387761842102182,138.73420379564195,184.15140485882335
12.25,1.3869926504906998,138.73420379564195,184.16056635162877
12.26,1.3862243414345945,138.73420379564195,184.16973279327186
12.27,1.3854569131256573,138.73420379564195,184.1789041177656
12.280000000000001,1.3846903637636396,138.73420379564195,184.18808025829617
12.290000000000001,1.383924691615618,138.73420379564195,184.1972611465132
12.3,1.3831598949825188,138.73420379564195,184.20644671292825
12.31,1.3823959721655246,138.73420379564195,184.21563688731982
12.32,1.3816329214658176,138.73420379564195,184.22483159873983
12.33,1.3808707411845806,138.73420379564195,184.23403077551674
12.34,1.3801094296229959,138.73420379564195,184.24323434525908
12.35,1.3793489850822458,138.73420379564195,184.25244223485996
12.36,1.3785894058635133,138.73420379564195,184.26165437049877
12.370000000000001,1.3778306902679804,138.73420379564195,184.2708706776472
12.38,1.3770728365968299,138.73420379564195,184.28009108107153
12.39,1.3763158431512443,138.73420379564195,184.289315504836
12.4,1.3755597082324058,138.73420379564195,184.29854387230807
12.41,1.3748044301414972,138.73420379564195,184.3077761061605
12.42,1.374050007179701,138.73420379564195,184.317012128377
12.43,1.3732964376481995,138.73420379564195,184.32625186025447
12.44,1.3725437198481751,138.73420379564195,184.33549522240776
12.450000000000001,1.3717918520808106,138.73420379564195,184.34474213477404
12.46,1.3710408326472883,138.73420379564195,184.35399251661573
12.47,1.3702906598487907,138.73420379564195,184.3632462865253
12.48,1.369541332110291,138.73420379564195,184.37250336089886
12.49,1.3687928490965762,138.73420379564195,184.3817636401108
12.5,1.3680452111868606,138.73420379564195,184.39102701492158
12.51,1.3672984187689545,138.73420379564195,184.40029337518226
12.52,1.366552472230668,138.73420379564195,184.4095626099474
12.530000000000001,1.365807371959811,138.73420379564195,184.41883460748193
12.540000000000001,1.3650631183441941,138.73420379564195,184.4281092552672
12.55,1.3643197117716273,138.73420379564195,184.4373864400077
12.56,1.3635771526299205,138.73420379564195,184.44666604763813
12.57,1.3628354413068842,138.73420379564195,184.45594796332935
12.58,1.3620945781903284,138.73420379564195,184.46523207149667
12.59,1.3613545636680633,138.73420379564195,184.47451825580498
12.6,1.360615398127899,138.73420379564195,184.48380639917775
12.61,1.3598770819576458,138.73420379564195,184.49309638380285
12.620000000000001,1.3591396155451134,138.73420379564195,184.5023880911401
12.63,1.3584029992781126,138.73420379564195,184.511681401929
12.64,1.3576672335444533,138.73420379564195,184.52097619619545
12.65,1.3569323187319453,138.73420379564195,184.5302723532598
12.66,1.3561982552283993,138.73420379564195,184.5395697517439
12.67,1.3554650434216253,138.73420379564195,184.54886826957963
12.68,1.354732683412457,138.73420379564195,184.55816778766163
12.69,1.354001171867945,138.73420379564195,184.5674682299129
12.700000000000001,1.3532705031925145,138.73420379564195,184.57676954864465
12.71,1.3525406717506976,138.73420379564195,184.58607169638944
12.72,1.3518116719070263,138.73420379564195,184.59537462539677
12.73,1.3510834980260327,138.73420379564195,184.60467828763004
12.74,1.350356144472249,138.73420379564195,184.61398263476983
12.75,1.349629605610207,138.73420379564195,184.62328761821203
12.76,1.3489038758044392,138.73420379564195,184.6325931890689
12.77,1.3481789494194774,138.73420379564195,184.6418992981674
12.780000000000001,1.3474548208198533,138.73420379564195,184.6512058960506
12.790000000000001,1.3467314843701,138.73420379564195,184.66051293297645
12.8,1.3460089344347486,138.73420379564195,184.66982035891755
12.81,1.3452871653783318,138.73420379564195,184.67912812356033
12.82,1.3445661715653814,138.73420379564195,184.68843617630583
12.83,1.3438459473604296,138.73420379564195,184.69774446626752
12.84,1.3431264871280086,138.73420379564195,184.70705294227164
12.85,1.3424077852326501,138.73420379564195,184.7163615528556
12.86,1.3416898360388865,138.73420379564195,184.72567024626807
12.870000000000001,1.3409726339112498,138.73420379564195,184.7349789704674
12.88,1.3402561736427943,138.73420379564195,184.74428766755037
12.89,1.3395404562202895,138.73420379564195,184.75359619870324
12.9,1.3388254872892251,138.73420379564195,184.7629043637923
12.91,1.3381112726087876,138.73420379564195,184.77221196033287
12.92,1.3373978179381638,138.73420379564195,184.78151878497985
12.93,1.3366851290365398,138.73420379564195,184.7908246335462
12.94,1.3359732116631022,138.73420379564195,184.800129301019
12.950000000000001,1.3352620715770374,138.73420379564195,184.80943258157544
12.96,1.3345517145375319,138.73420379564195,184.8187342686008
12.97,1.3338421463037724,138.73420379564195,184.82803415470534
12.98,1.333133372634945,138.73420379564195,184.83733203174106
12.99,1.3324253992902364,138.73420379564195,184.84662769082001
13.0,1.3317182320288332,138.73420379564195,184.85592092233233
13.01,1.3310118766099215,138.73420379564195,184.86521151596318
13.02,1.3303063387926881,138.73420379564195,184.8744992607117
13.030000000000001,1.3296016243363191,138.73420379564195,184.8837839449088
13.040000000000001,1.3288977390000014,138.73420379564195,184.89306535623672
13.05,1.3281946885429212,138.73420379564195,184.90234328174608
13.06,1.327492478724265,138.73420379564195,184.9116175078766
13.07,1.3267911153032192,138.73420379564195,184.92088782047426
13.08,1.3260906040389706,138.73420379564195,184.93015400481238
13.09,1.3253909506907053,138.73420379564195,184.9394158456093
13.1,1.3246921610176101,138.73420379564195,184.9486731270492
13.11,1.3239942407788712,138.73420379564195,184.9579256328011
13.120000000000001,1.323297195733675,138.73420379564195,184.96717314603933
13.13,1.3226010316412085,138.73420379564195,184.97641544946242
13.14,1.3219057542606574,138.73420379564195,184.98565232531456
13.15,1.3212113693512089,138.73420379564195,184.99488355540507
13.16,1.320517882672049,138.73420379564195,185.00410892112941
13.17,1.319825299982364,138.73420379564195,185.01332820348875
13.18,1.3191336270413412,138.73420379564195,185.02254118311265
13.19,1.3184428696081663,138.73420379564195,185.03174764027725
13.200000000000001,1.3177530334420258,138.73420379564195,185.04094735492885
13.21,1.3170641243021066,138.73420379564195,185.05014010670297
13.22,1.316376147947595,138.73420379564195,185.05932567494688
13.23,1.3156891101376775,138.73420379564195,185.06850383874087
13.24,1.3150030166315403,138.73420379564195,185.0776743769187
13.25,1.3143178731883702,138.73420379564195,185.08683706808972
13.26,1.3136336855673536,138.73420379564195,185.09599169066152
13.27,1.3129504595276766,138.73420379564195,185.10513802286016
13.280000000000001,1.3122682008285262,138.73420379564195,185.11427584275248
13.290000000000001,1.3115869152290887,138.73420379564195,185.1234049282688
13.3,1.3109066084885503,138.73420379564195,185.13252505722426
13.31,1.310227286366098,138.73420379564195,185.14163600734102
13.32,1.3095489546209178,138.73420379564195,185.1507375562704
13.33,1.3088716190121963,138.73420379564195,185.1598294816161
13.34,1.3081952852991199,138.73420379564195,185.16891156095485
13.35,1.3075199591323796,138.73420379564195,185.1779835733179
13.36,1.3068456364415875,138.73420379564195,185.18704542841735
13.370000000000001,1.3061722958774453,138.73420379564195,185.1960972685113
13.38,1.3054999143119816,138.73420379564195,185.20513926031296
13.39,1.3048284686172238,138.73420379564195,185.21417157106552
13.4,1.3041579356652,138.73420379564195,185.22319436850583
13.41,1.3034882923279378,138.73420379564195,185.23220782082828
13.42,1.302819515477465,138.73420379564195,185.24121209664773
13.43,1.30215158198581,138.73420379564195,185.2502073649637
13.44,1.3014844687250002,138.73420379564195,185.2591937951215
13.450000000000001,1.3008181525670637,138.73420379564195,185.2681715567759
13.46,1.300152610384028,138.73420379564195,185.27714081985278
13.47,1.2994878190479213,138.73420379564195,185.2861017545107
13.48,1.2988237554307716,138.73420379564195,185.29505453110278
13.49,1.2981603964046062,138.73420379564195,185.30399932013694
13.5,1.2974977188414536,138.73420379564195,185.31293629223828
13.51,1.2968356996133412,138.73420379564195,185.32186561810775
13.52,1.2961743155922971,138.73420379564195,185.33078746848295
13.530000000000001,1.2955135436503489,138.73420379564195,185.3397020140979
13.540000000000001,1.2948533606595247,138.73420379564195,185.34860942564285
13.55,1.2941937434918525,138.73420379564195,185.35750987372197
13.56,1.2935346690193599,138.73420379564195,185.36640352881307
13.57,1.2928761141140748,138.73420379564195,185.3752905612259
13.58,1.2922180556480252,138.73420379564195,185.38417114105934
13.59,1.2915604704932389,138.73420379564195,185.39304543815916
13.6,1.2909033355217436,138.73420379564195,185.40191362207565
13.61,1.2902466276055673,138.73420379564195,185.41077586201894
13.620000000000001,1.2895903236167379,138.73420379564195,185.4196323268171
13.63,1.2889344004272831,138.73420379564195,185.4284831848707
13.64,1.288278834909231,138.73420379564195,185.43732860410853
13.65,1.2876236039346094,138.73420379564195,185.4461687519431
13.66,1.286968684375446,138.73420379564195,185.45500379522463
13.67,1.286314053103769,138.73420379564195,185.46383390019554
13.68,1.2856596869916057,138.73420379564195,185.47265923244458
13.69,1.2850055629109844,138.73420379564195,185.48147995685844
13.700000000000001,1.284351657733933,138.73420379564195,185.49029623757716
13.71,1.283697948332479,138.73420379564195,185.49910823794377
13.72,1.2830444115786508,138.73420379564195,185.50791612045785
13.73,1.2823910243444758,138.73420379564195,185.5167200467266
13.74,1.281737763501982,138.73420379564195,185.525520177415
13.75,1.2810846059231973,138.73420379564195,185.53431667219658
13.76,1.2804315284801495,138.73420379564195,185.54310968970339
13.77,1.2797785080448667,138.73420379564195,185.55189938747526
13.780000000000001,1.2791255214893762,138.73420379564195,185.56068592190798
